{
  "IcoMoonType": "selection",
  "icons": [
    {
      "icon": {
        "paths": [
          "M1024 0l-1024 576 327.251 121.203 504.749-473.202-383.927 517.955 0.311 0.115-0.384-0.115v282.048l183.522-214.106 232.482 86.106 159.996-896.004z"
        ],
        "attrs": [
          {
            "fill": "rgb(255, 255, 255)"
          }
        ],
        "isMulticolor": false,
        "isMulticolor2": false,
        "grid": 0,
        "tags": [
          "icon send"
        ],
        "colorPermutations": {
          "2552552551331502431": [
            {
              "f": 1
            }
          ]
        }
      },
      "attrs": [
        {
          "fill": "rgb(255, 255, 255)"
        }
      ],
      "properties": {
        "order": 36,
        "id": 7,
        "name": "icon-send",
        "prevSize": 32
      },
      "setIdx": 0,
      "setId": 5,
      "iconIdx": 0
    },
    {
      "icon": {
        "paths": [
          "M896 128h-768c-52.8 0-95.52 43.2-95.52 96l-0.48 576c0 52.8 43.2 96 96 96h768c52.8 0 96-43.2 96-96v-576c0-52.8-43.2-96-96-96zM876.8 332l-339.36 212.16c-15.36 9.6-35.52 9.6-50.88 0l-339.36-212.16c-12-7.68-19.2-20.64-19.2-34.56 0-32.16 35.040-51.36 62.4-34.56l321.6 201.12 321.6-201.12c27.36-16.8 62.4 2.4 62.4 34.56 0 13.92-7.2 26.88-19.2 34.56z"
        ],
        "attrs": [
          {}
        ],
        "isMulticolor": false,
        "isMulticolor2": false,
        "grid": 0,
        "tags": [
          "letter"
        ],
        "colorPermutations": {
          "2552552551331502431": [
            {}
          ]
        }
      },
      "attrs": [
        {}
      ],
      "properties": {
        "order": 37,
        "id": 6,
        "name": "letter",
        "prevSize": 32
      },
      "setIdx": 0,
      "setId": 5,
      "iconIdx": 1
    },
    {
      "icon": {
        "paths": [
          "M877.422 667.254l-134.444-15.35c-32.292-3.705-64.051 7.41-86.812 30.171l-97.395 97.394c-149.797-76.221-272.599-198.494-348.821-348.822l97.924-97.924c22.761-22.761 33.876-54.52 30.171-86.809l-15.35-133.389c-6.352-53.462-51.344-93.69-105.334-93.69h-91.573c-59.813 0-109.569 49.756-105.864 109.569 28.054 452.041 389.579 813.040 841.091 841.090 59.809 3.708 109.568-46.051 109.568-105.86v-91.575c0.527-53.461-39.702-98.453-93.162-104.806z"
        ],
        "attrs": [
          {}
        ],
        "isMulticolor": false,
        "isMulticolor2": false,
        "grid": 0,
        "tags": [
          "phone"
        ],
        "colorPermutations": {
          "2552552551331502431": [
            {}
          ]
        }
      },
      "attrs": [
        {}
      ],
      "properties": {
        "order": 38,
        "id": 5,
        "name": "phone",
        "prevSize": 32
      },
      "setIdx": 0,
      "setId": 5,
      "iconIdx": 2
    },
    {
      "icon": {
        "paths": [
          "M512 512c141.44 0 256-114.56 256-256s-114.56-256-256-256c-141.44 0-256 114.56-256 256s114.56 256 256 256zM512 640c-170.88 0-512 85.76-512 256v64c0 35.2 28.8 64 64 64h896c35.2 0 64-28.8 64-64v-64c0-170.24-341.12-256-512-256z"
        ],
        "attrs": [
          {
            "fill": "rgb(33, 150, 243)"
          }
        ],
        "isMulticolor": false,
        "isMulticolor2": false,
        "grid": 0,
        "tags": [
          "pipl"
        ],
        "colorPermutations": {
          "2552552551331502431": [
            {
              "f": 0
            }
          ]
        }
      },
      "attrs": [
        {
          "fill": "rgb(33, 150, 243)"
        }
      ],
      "properties": {
        "order": 39,
        "id": 4,
        "name": "pipl",
        "prevSize": 32
      },
      "setIdx": 0,
      "setId": 5,
      "iconIdx": 3
    },
    {
      "icon": {
        "paths": [
          "M154.154 492.438l-5.418-5.169-81.399 77.106 286.789 273.588 602.518-574.782-80.864-77.141-521.652 497.168-199.975-190.769z"
        ],
        "attrs": [
          {
            "fill": "rgb(255, 255, 255)",
            "stroke": "rgb(255, 255, 255)",
            "strokeLinejoin": "miter",
            "strokeLinecap": "butt",
            "strokeMiterlimit": "4",
            "strokeWidth": 15.753846153846155
          }
        ],
        "isMulticolor": false,
        "isMulticolor2": false,
        "grid": 0,
        "tags": [
          "V"
        ],
        "colorPermutations": {
          "2552552551331502431": [
            {
              "f": 1,
              "s": 1
            }
          ]
        }
      },
      "attrs": [
        {
          "fill": "rgb(255, 255, 255)",
          "stroke": "rgb(255, 255, 255)",
          "strokeLinejoin": "miter",
          "strokeLinecap": "butt",
          "strokeMiterlimit": "4",
          "strokeWidth": 15.753846153846155
        }
      ],
      "properties": {
        "order": 40,
        "id": 3,
        "name": "V",
        "prevSize": 32
      },
      "setIdx": 0,
      "setId": 5,
      "iconIdx": 4
    }
  ],
  "height": 1024,
  "preferences": {
    "showGlyphs": true,
    "showQuickUse": true,
    "showQuickUse2": true,
    "showSVGs": true,
    "fontPref": {
      "prefix": "icon-",
      "metadata": {
        "fontFamily": "icomoon"
      },
      "metrics": {
        "emSize": 1024,
        "baseline": 6.25,
        "whitespace": 50
      },
      "embed": false
    },
    "imagePref": {
      "prefix": "icon-",
      "png": false,
      "useClassSelector": true,
      "color": 0,
      "bgColor": 16777215,
      "classSelector": ".icon",
      "name": "icomoon",
      "height": 32,
      "columns": 16,
      "margin": 16
    },
    "historySize": 50,
    "showCodes": true,
    "gridSize": 16
  }
}